name	unicode	hex	comment
space	U0020	0x0020	
exclam	U0021	0x0021	
quotedbl	U0022	0x0022	
numbersign	U0023	0x0023	
dollar	U0024	0x0024	
percent	U0025	0x0025	
ampersand	U0026	0x0026	
apostrophe	U0027	0x0027	
quoteright	U0027	0x0027	/* deprecated */
parenleft	U0028	0x0028	
parenright	U0029	0x0029	
asterisk	U002a	0x002a	
plus	U002b	0x002b	
comma	U002c	0x002c	
minus	U002d	0x002d	
period	U002e	0x002e	
slash	U002f	0x002f	
0	U0030	0x0030	
1	U0031	0x0031	
2	U0032	0x0032	
3	U0033	0x0033	
4	U0034	0x0034	
5	U0035	0x0035	
6	U0036	0x0036	
7	U0037	0x0037	
8	U0038	0x0038	
9	U0039	0x0039	
colon	U003a	0x003a	
semicolon	U003b	0x003b	
less	U003c	0x003c	
equal	U003d	0x003d	
greater	U003e	0x003e	
question	U003f	0x003f	
at	U0040	0x0040	
A	U0041	0x0041	
B	U0042	0x0042	
C	U0043	0x0043	
D	U0044	0x0044	
E	U0045	0x0045	
F	U0046	0x0046	
G	U0047	0x0047	
H	U0048	0x0048	
I	U0049	0x0049	
J	U004a	0x004a	
K	U004b	0x004b	
L	U004c	0x004c	
M	U004d	0x004d	
N	U004e	0x004e	
O	U004f	0x004f	
P	U0050	0x0050	
Q	U0051	0x0051	
R	U0052	0x0052	
S	U0053	0x0053	
T	U0054	0x0054	
U	U0055	0x0055	
V	U0056	0x0056	
W	U0057	0x0057	
X	U0058	0x0058	
Y	U0059	0x0059	
Z	U005a	0x005a	
bracketleft	U005b	0x005b	
backslash	U005c	0x005c	
bracketright	U005d	0x005d	
asciicircum	U005e	0x005e	
underscore	U005f	0x005f	
grave	U0060	0x0060	
quoteleft	U0060	0x0060	/* deprecated */
a	U0061	0x0061	
b	U0062	0x0062	
c	U0063	0x0063	
d	U0064	0x0064	
e	U0065	0x0065	
f	U0066	0x0066	
g	U0067	0x0067	
h	U0068	0x0068	
i	U0069	0x0069	
j	U006a	0x006a	
k	U006b	0x006b	
l	U006c	0x006c	
m	U006d	0x006d	
n	U006e	0x006e	
o	U006f	0x006f	
p	U0070	0x0070	
q	U0071	0x0071	
r	U0072	0x0072	
s	U0073	0x0073	
t	U0074	0x0074	
u	U0075	0x0075	
v	U0076	0x0076	
w	U0077	0x0077	
x	U0078	0x0078	
y	U0079	0x0079	
z	U007a	0x007a	
braceleft	U007b	0x007b	
bar	U007c	0x007c	
braceright	U007d	0x007d	
asciitilde	U007e	0x007e	
nobreakspace	U00a0	0x00a0	
exclamdown	U00a1	0x00a1	
cent	U00a2	0x00a2	
sterling	U00a3	0x00a3	
currency	U00a4	0x00a4	
yen	U00a5	0x00a5	
brokenbar	U00a6	0x00a6	
section	U00a7	0x00a7	
diaeresis	U00a8	0x00a8	
copyright	U00a9	0x00a9	
ordfeminine	U00aa	0x00aa	
guillemotleft	U00ab	0x00ab	/* left angle quotation mark */
notsign	U00ac	0x00ac	
hyphen	U00ad	0x00ad	
registered	U00ae	0x00ae	
macron	U00af	0x00af	
degree	U00b0	0x00b0	
plusminus	U00b1	0x00b1	
twosuperior	U00b2	0x00b2	
threesuperior	U00b3	0x00b3	
acute	U00b4	0x00b4	
mu	U00b5	0x00b5	
paragraph	U00b6	0x00b6	
periodcentered	U00b7	0x00b7	
cedilla	U00b8	0x00b8	
onesuperior	U00b9	0x00b9	
masculine	U00ba	0x00ba	
guillemotright	U00bb	0x00bb	/* right angle quotation mark */
onequarter	U00bc	0x00bc	
onehalf	U00bd	0x00bd	
threequarters	U00be	0x00be	
questiondown	U00bf	0x00bf	
Agrave	U00c0	0x00c0	
Aacute	U00c1	0x00c1	
Acircumflex	U00c2	0x00c2	
Atilde	U00c3	0x00c3	
Adiaeresis	U00c4	0x00c4	
Aring	U00c5	0x00c5	
AE	U00c6	0x00c6	
Ccedilla	U00c7	0x00c7	
Egrave	U00c8	0x00c8	
Eacute	U00c9	0x00c9	
Ecircumflex	U00ca	0x00ca	
Ediaeresis	U00cb	0x00cb	
Igrave	U00cc	0x00cc	
Iacute	U00cd	0x00cd	
Icircumflex	U00ce	0x00ce	
Idiaeresis	U00cf	0x00cf	
ETH	U00d0	0x00d0	
Eth	U00d0	0x00d0	/* deprecated */
Ntilde	U00d1	0x00d1	
Ograve	U00d2	0x00d2	
Oacute	U00d3	0x00d3	
Ocircumflex	U00d4	0x00d4	
Otilde	U00d5	0x00d5	
Odiaeresis	U00d6	0x00d6	
multiply	U00d7	0x00d7	
Ooblique	U00d8	0x00d8	
Ugrave	U00d9	0x00d9	
Uacute	U00da	0x00da	
Ucircumflex	U00db	0x00db	
Udiaeresis	U00dc	0x00dc	
Yacute	U00dd	0x00dd	
THORN	U00de	0x00de	
Thorn	U00de	0x00de	/* deprecated */
ssharp	U00df	0x00df	
agrave	U00e0	0x00e0	
aacute	U00e1	0x00e1	
acircumflex	U00e2	0x00e2	
atilde	U00e3	0x00e3	
adiaeresis	U00e4	0x00e4	
aring	U00e5	0x00e5	
ae	U00e6	0x00e6	
ccedilla	U00e7	0x00e7	
egrave	U00e8	0x00e8	
eacute	U00e9	0x00e9	
ecircumflex	U00ea	0x00ea	
ediaeresis	U00eb	0x00eb	
igrave	U00ec	0x00ec	
iacute	U00ed	0x00ed	
icircumflex	U00ee	0x00ee	
idiaeresis	U00ef	0x00ef	
eth	U00f0	0x00f0	
ntilde	U00f1	0x00f1	
ograve	U00f2	0x00f2	
oacute	U00f3	0x00f3	
ocircumflex	U00f4	0x00f4	
otilde	U00f5	0x00f5	
odiaeresis	U00f6	0x00f6	
division	U00f7	0x00f7	
oslash	U00f8	0x00f8	
ugrave	U00f9	0x00f9	
uacute	U00fa	0x00fa	
ucircumflex	U00fb	0x00fb	
udiaeresis	U00fc	0x00fc	
yacute	U00fd	0x00fd	
thorn	U00fe	0x00fe	
ydiaeresis	U00ff	0x00ff	
Aogonek	U0104	0x01a1	
breve	U02d8	0x01a2	
Lstroke	U0141	0x01a3	
Lcaron	U013d	0x01a5	
Sacute	U015a	0x01a6	
Scaron	U0160	0x01a9	
Scedilla	U015e	0x01aa	
Tcaron	U0164	0x01ab	
Zacute	U0179	0x01ac	
Zcaron	U017d	0x01ae	
Zabovedot	U017b	0x01af	
aogonek	U0105	0x01b1	
ogonek	U02db	0x01b2	
lstroke	U0142	0x01b3	
lcaron	U013e	0x01b5	
sacute	U015b	0x01b6	
caron	U02c7	0x01b7	
scaron	U0161	0x01b9	
scedilla	U015f	0x01ba	
tcaron	U0165	0x01bb	
zacute	U017a	0x01bc	
doubleacute	U02dd	0x01bd	
zcaron	U017e	0x01be	
zabovedot	U017c	0x01bf	
Racute	U0154	0x01c0	
Abreve	U0102	0x01c3	
Lacute	U0139	0x01c5	
Cacute	U0106	0x01c6	
Ccaron	U010c	0x01c8	
Eogonek	U0118	0x01ca	
Ecaron	U011a	0x01cc	
Dcaron	U010e	0x01cf	
Dstroke	U0110	0x01d0	
Nacute	U0143	0x01d1	
Ncaron	U0147	0x01d2	
Odoubleacute	U0150	0x01d5	
Rcaron	U0158	0x01d8	
Uring	U016e	0x01d9	
Udoubleacute	U0170	0x01db	
Tcedilla	U0162	0x01de	
racute	U0155	0x01e0	
abreve	U0103	0x01e3	
lacute	U013a	0x01e5	
cacute	U0107	0x01e6	
ccaron	U010d	0x01e8	
eogonek	U0119	0x01ea	
ecaron	U011b	0x01ec	
dcaron	U010f	0x01ef	
dstroke	U0111	0x01f0	
nacute	U0144	0x01f1	
ncaron	U0148	0x01f2	
odoubleacute	U0151	0x01f5	
rcaron	U0159	0x01f8	
uring	U016f	0x01f9	
udoubleacute	U0171	0x01fb	
tcedilla	U0163	0x01fe	
abovedot	U02d9	0x01ff	
Hstroke	U0126	0x02a1	
Hcircumflex	U0124	0x02a6	
Iabovedot	U0130	0x02a9	
Gbreve	U011e	0x02ab	
Jcircumflex	U0134	0x02ac	
hstroke	U0127	0x02b1	
hcircumflex	U0125	0x02b6	
idotless	U0131	0x02b9	
gbreve	U011f	0x02bb	
jcircumflex	U0135	0x02bc	
Cabovedot	U010a	0x02c5	
Ccircumflex	U0108	0x02c6	
Gabovedot	U0120	0x02d5	
Gcircumflex	U011c	0x02d8	
Ubreve	U016c	0x02dd	
Scircumflex	U015c	0x02de	
cabovedot	U010b	0x02e5	
ccircumflex	U0109	0x02e6	
gabovedot	U0121	0x02f5	
gcircumflex	U011d	0x02f8	
ubreve	U016d	0x02fd	
scircumflex	U015d	0x02fe	
kra	U0138	0x03a2	
Rcedilla	U0156	0x03a3	
Itilde	U0128	0x03a5	
Lcedilla	U013b	0x03a6	
Emacron	U0112	0x03aa	
Gcedilla	U0122	0x03ab	
Tslash	U0166	0x03ac	
rcedilla	U0157	0x03b3	
itilde	U0129	0x03b5	
lcedilla	U013c	0x03b6	
emacron	U0113	0x03ba	
gcedilla	U0123	0x03bb	
tslash	U0167	0x03bc	
ENG	U014a	0x03bd	
eng	U014b	0x03bf	
Amacron	U0100	0x03c0	
Iogonek	U012e	0x03c7	
Eabovedot	U0116	0x03cc	
Imacron	U012a	0x03cf	
Ncedilla	U0145	0x03d1	
Omacron	U014c	0x03d2	
Kcedilla	U0136	0x03d3	
Uogonek	U0172	0x03d9	
Utilde	U0168	0x03dd	
Umacron	U016a	0x03de	
amacron	U0101	0x03e0	
iogonek	U012f	0x03e7	
eabovedot	U0117	0x03ec	
imacron	U012b	0x03ef	
ncedilla	U0146	0x03f1	
omacron	U014d	0x03f2	
kcedilla	U0137	0x03f3	
uogonek	U0173	0x03f9	
utilde	U0169	0x03fd	
umacron	U016b	0x03fe	
overline	U203e	0x047e	
kana_fullstop	U3002	0x04a1	
kana_openingbracket	U300c	0x04a2	
kana_closingbracket	U300d	0x04a3	
kana_comma	U3001	0x04a4	
kana_conjunctive	U30fb	0x04a5	
kana_WO	U30f2	0x04a6	
kana_a	U30a1	0x04a7	
kana_i	U30a3	0x04a8	
kana_u	U30a5	0x04a9	
kana_e	U30a7	0x04aa	
kana_o	U30a9	0x04ab	
kana_ya	U30e3	0x04ac	
kana_yu	U30e5	0x04ad	
kana_yo	U30e7	0x04ae	
kana_tsu	U30c3	0x04af	
prolongedsound	U30fc	0x04b0	
kana_A	U30a2	0x04b1	
kana_I	U30a4	0x04b2	
kana_U	U30a6	0x04b3	
kana_E	U30a8	0x04b4	
kana_O	U30aa	0x04b5	
kana_KA	U30ab	0x04b6	
kana_KI	U30ad	0x04b7	
kana_KU	U30af	0x04b8	
kana_KE	U30b1	0x04b9	
kana_KO	U30b3	0x04ba	
kana_SA	U30b5	0x04bb	
kana_SHI	U30b7	0x04bc	
kana_SU	U30b9	0x04bd	
kana_SE	U30bb	0x04be	
kana_SO	U30bd	0x04bf	
kana_TA	U30bf	0x04c0	
kana_CHI	U30c1	0x04c1	
kana_TSU	U30c4	0x04c2	
kana_TE	U30c6	0x04c3	
kana_TO	U30c8	0x04c4	
kana_NA	U30ca	0x04c5	
kana_NI	U30cb	0x04c6	
kana_NU	U30cc	0x04c7	
kana_NE	U30cd	0x04c8	
kana_NO	U30ce	0x04c9	
kana_HA	U30cf	0x04ca	
kana_HI	U30d2	0x04cb	
kana_FU	U30d5	0x04cc	
kana_HE	U30d8	0x04cd	
kana_HO	U30db	0x04ce	
kana_MA	U30de	0x04cf	
kana_MI	U30df	0x04d0	
kana_MU	U30e0	0x04d1	
kana_ME	U30e1	0x04d2	
kana_MO	U30e2	0x04d3	
kana_YA	U30e4	0x04d4	
kana_YU	U30e6	0x04d5	
kana_YO	U30e8	0x04d6	
kana_RA	U30e9	0x04d7	
kana_RI	U30ea	0x04d8	
kana_RU	U30eb	0x04d9	
kana_RE	U30ec	0x04da	
kana_RO	U30ed	0x04db	
kana_WA	U30ef	0x04dc	
kana_N	U30f3	0x04dd	
voicedsound	U309b	0x04de	
semivoicedsound	U309c	0x04df	
Arabic_comma	U060c	0x05ac	
Arabic_semicolon	U061b	0x05bb	
Arabic_question_mark	U061f	0x05bf	
Arabic_hamza	U0621	0x05c1	
Arabic_maddaonalef	U0622	0x05c2	
Arabic_hamzaonalef	U0623	0x05c3	
Arabic_hamzaonwaw	U0624	0x05c4	
Arabic_hamzaunderalef	U0625	0x05c5	
Arabic_hamzaonyeh	U0626	0x05c6	
Arabic_alef	U0627	0x05c7	
Arabic_beh	U0628	0x05c8	
Arabic_tehmarbuta	U0629	0x05c9	
Arabic_teh	U062a	0x05ca	
Arabic_theh	U062b	0x05cb	
Arabic_jeem	U062c	0x05cc	
Arabic_hah	U062d	0x05cd	
Arabic_khah	U062e	0x05ce	
Arabic_dal	U062f	0x05cf	
Arabic_thal	U0630	0x05d0	
Arabic_ra	U0631	0x05d1	
Arabic_zain	U0632	0x05d2	
Arabic_seen	U0633	0x05d3	
Arabic_sheen	U0634	0x05d4	
Arabic_sad	U0635	0x05d5	
Arabic_dad	U0636	0x05d6	
Arabic_tah	U0637	0x05d7	
Arabic_zah	U0638	0x05d8	
Arabic_ain	U0639	0x05d9	
Arabic_ghain	U063a	0x05da	
Arabic_tatweel	U0640	0x05e0	
Arabic_feh	U0641	0x05e1	
Arabic_qaf	U0642	0x05e2	
Arabic_kaf	U0643	0x05e3	
Arabic_lam	U0644	0x05e4	
Arabic_meem	U0645	0x05e5	
Arabic_noon	U0646	0x05e6	
Arabic_ha	U0647	0x05e7	
Arabic_waw	U0648	0x05e8	
Arabic_alefmaksura	U0649	0x05e9	
Arabic_yeh	U064a	0x05ea	
Arabic_fathatan	U064b	0x05eb	
Arabic_dammatan	U064c	0x05ec	
Arabic_kasratan	U064d	0x05ed	
Arabic_fatha	U064e	0x05ee	
Arabic_damma	U064f	0x05ef	
Arabic_kasra	U0650	0x05f0	
Arabic_shadda	U0651	0x05f1	
Arabic_sukun	U0652	0x05f2	
Serbian_dje	U0452	0x06a1	
Macedonia_gje	U0453	0x06a2	
Cyrillic_io	U0451	0x06a3	
Ukrainian_ie	U0454	0x06a4	
Macedonia_dse	U0455	0x06a5	
Ukrainian_i	U0456	0x06a6	
Ukrainian_yi	U0457	0x06a7	
Cyrillic_je	U0458	0x06a8	
Cyrillic_lje	U0459	0x06a9	
Cyrillic_nje	U045a	0x06aa	
Serbian_tshe	U045b	0x06ab	
Macedonia_kje	U045c	0x06ac	
Byelorussian_shortu	U045e	0x06ae	
Cyrillic_dzhe	U045f	0x06af	
numerosign	U2116	0x06b0	
Serbian_DJE	U0402	0x06b1	
Macedonia_GJE	U0403	0x06b2	
Cyrillic_IO	U0401	0x06b3	
Ukrainian_IE	U0404	0x06b4	
Macedonia_DSE	U0405	0x06b5	
Ukrainian_I	U0406	0x06b6	
Ukrainian_YI	U0407	0x06b7	
Cyrillic_JE	U0408	0x06b8	
Cyrillic_LJE	U0409	0x06b9	
Cyrillic_NJE	U040a	0x06ba	
Serbian_TSHE	U040b	0x06bb	
Macedonia_KJE	U040c	0x06bc	
Byelorussian_SHORTU	U040e	0x06be	
Cyrillic_DZHE	U040f	0x06bf	
Cyrillic_yu	U044e	0x06c0	
Cyrillic_a	U0430	0x06c1	
Cyrillic_be	U0431	0x06c2	
Cyrillic_tse	U0446	0x06c3	
Cyrillic_de	U0434	0x06c4	
Cyrillic_ie	U0435	0x06c5	
Cyrillic_ef	U0444	0x06c6	
Cyrillic_ghe	U0433	0x06c7	
Cyrillic_ha	U0445	0x06c8	
Cyrillic_i	U0438	0x06c9	
Cyrillic_shorti	U0439	0x06ca	
Cyrillic_ka	U043a	0x06cb	
Cyrillic_el	U043b	0x06cc	
Cyrillic_em	U043c	0x06cd	
Cyrillic_en	U043d	0x06ce	
Cyrillic_o	U043e	0x06cf	
Cyrillic_pe	U043f	0x06d0	
Cyrillic_ya	U044f	0x06d1	
Cyrillic_er	U0440	0x06d2	
Cyrillic_es	U0441	0x06d3	
Cyrillic_te	U0442	0x06d4	
Cyrillic_u	U0443	0x06d5	
Cyrillic_zhe	U0436	0x06d6	
Cyrillic_ve	U0432	0x06d7	
Cyrillic_softsign	U044c	0x06d8	
Cyrillic_yeru	U044b	0x06d9	
Cyrillic_ze	U0437	0x06da	
Cyrillic_sha	U0448	0x06db	
Cyrillic_e	U044d	0x06dc	
Cyrillic_shcha	U0449	0x06dd	
Cyrillic_che	U0447	0x06de	
Cyrillic_hardsign	U044a	0x06df	
Cyrillic_YU	U042e	0x06e0	
Cyrillic_A	U0410	0x06e1	
Cyrillic_BE	U0411	0x06e2	
Cyrillic_TSE	U0426	0x06e3	
Cyrillic_DE	U0414	0x06e4	
Cyrillic_IE	U0415	0x06e5	
Cyrillic_EF	U0424	0x06e6	
Cyrillic_GHE	U0413	0x06e7	
Cyrillic_HA	U0425	0x06e8	
Cyrillic_I	U0418	0x06e9	
Cyrillic_SHORTI	U0419	0x06ea	
Cyrillic_KA	U041a	0x06eb	
Cyrillic_EL	U041b	0x06ec	
Cyrillic_EM	U041c	0x06ed	
Cyrillic_EN	U041d	0x06ee	
Cyrillic_O	U041e	0x06ef	
Cyrillic_PE	U041f	0x06f0	
Cyrillic_YA	U042f	0x06f1	
Cyrillic_ER	U0420	0x06f2	
Cyrillic_ES	U0421	0x06f3	
Cyrillic_TE	U0422	0x06f4	
Cyrillic_U	U0423	0x06f5	
Cyrillic_ZHE	U0416	0x06f6	
Cyrillic_VE	U0412	0x06f7	
Cyrillic_SOFTSIGN	U042c	0x06f8	
Cyrillic_YERU	U042b	0x06f9	
Cyrillic_ZE	U0417	0x06fa	
Cyrillic_SHA	U0428	0x06fb	
Cyrillic_E	U042d	0x06fc	
Cyrillic_SHCHA	U0429	0x06fd	
Cyrillic_CHE	U0427	0x06fe	
Cyrillic_HARDSIGN	U042a	0x06ff	
Greek_ALPHAaccent	U0386	0x07a1	
Greek_EPSILONaccent	U0388	0x07a2	
Greek_ETAaccent	U0389	0x07a3	
Greek_IOTAaccent	U038a	0x07a4	
Greek_IOTAdiaeresis	U03aa	0x07a5	
Greek_OMICRONaccent	U038c	0x07a7	
Greek_UPSILONaccent	U038e	0x07a8	
Greek_UPSILONdieresis	U03ab	0x07a9	
Greek_OMEGAaccent	U038f	0x07ab	
Greek_accentdieresis	U0385	0x07ae	
Greek_horizbar	U2015	0x07af	
Greek_alphaaccent	U03ac	0x07b1	
Greek_epsilonaccent	U03ad	0x07b2	
Greek_etaaccent	U03ae	0x07b3	
Greek_iotaaccent	U03af	0x07b4	
Greek_iotadieresis	U03ca	0x07b5	
Greek_iotaaccentdieresis	U0390	0x07b6	
Greek_omicronaccent	U03cc	0x07b7	
Greek_upsilonaccent	U03cd	0x07b8	
Greek_upsilondieresis	U03cb	0x07b9	
Greek_upsilonaccentdieresis	U03b0	0x07ba	
Greek_omegaaccent	U03ce	0x07bb	
Greek_ALPHA	U0391	0x07c1	
Greek_BETA	U0392	0x07c2	
Greek_GAMMA	U0393	0x07c3	
Greek_DELTA	U0394	0x07c4	
Greek_EPSILON	U0395	0x07c5	
Greek_ZETA	U0396	0x07c6	
Greek_ETA	U0397	0x07c7	
Greek_THETA	U0398	0x07c8	
Greek_IOTA	U0399	0x07c9	
Greek_KAPPA	U039a	0x07ca	
Greek_LAMBDA	U039b	0x07cb	
Greek_LAMDA	U039b	0x07cb	
Greek_MU	U039c	0x07cc	
Greek_NU	U039d	0x07cd	
Greek_XI	U039e	0x07ce	
Greek_OMICRON	U039f	0x07cf	
Greek_PI	U03a0	0x07d0	
Greek_RHO	U03a1	0x07d1	
Greek_SIGMA	U03a3	0x07d2	
Greek_TAU	U03a4	0x07d4	
Greek_UPSILON	U03a5	0x07d5	
Greek_PHI	U03a6	0x07d6	
Greek_CHI	U03a7	0x07d7	
Greek_PSI	U03a8	0x07d8	
Greek_OMEGA	U03a9	0x07d9	
Greek_alpha	U03b1	0x07e1	
Greek_beta	U03b2	0x07e2	
Greek_gamma	U03b3	0x07e3	
Greek_delta	U03b4	0x07e4	
Greek_epsilon	U03b5	0x07e5	
Greek_zeta	U03b6	0x07e6	
Greek_eta	U03b7	0x07e7	
Greek_theta	U03b8	0x07e8	
Greek_iota	U03b9	0x07e9	
Greek_kappa	U03ba	0x07ea	
Greek_lambda	U03bb	0x07eb	
Greek_mu	U03bc	0x07ec	
Greek_nu	U03bd	0x07ed	
Greek_xi	U03be	0x07ee	
Greek_omicron	U03bf	0x07ef	
Greek_pi	U03c0	0x07f0	
Greek_rho	U03c1	0x07f1	
Greek_sigma	U03c3	0x07f2	
Greek_finalsmallsigma	U03c2	0x07f3	
Greek_tau	U03c4	0x07f4	
Greek_upsilon	U03c5	0x07f5	
Greek_phi	U03c6	0x07f6	
Greek_chi	U03c7	0x07f7	
Greek_psi	U03c8	0x07f8	
Greek_omega	U03c9	0x07f9	
leftradical	U23b7	0x08a1	
topleftradical	U250c	0x08a2	
horizconnector	U2500	0x08a3	
topintegral	U2320	0x08a4	
botintegral	U2321	0x08a5	
vertconnector	U2502	0x08a6	
topleftsqbracket	U23a1	0x08a7	
botleftsqbracket	U23a3	0x08a8	
toprightsqbracket	U23a4	0x08a9	
botrightsqbracket	U23a6	0x08aa	
topleftparens	U239b	0x08ab	
botleftparens	U239d	0x08ac	
toprightparens	U239e	0x08ad	
botrightparens	U23a0	0x08ae	
leftmiddlecurlybrace	U23a8	0x08af	
rightmiddlecurlybrace	U23ac	0x08b0	
topleftsummation	U0000	0x08b1	
botleftsummation	U0000	0x08b2	
topvertsummationconnector	U0000	0x08b3	
botvertsummationconnector	U0000	0x08b4	
toprightsummation	U0000	0x08b5	
botrightsummation	U0000	0x08b6	
rightmiddlesummation	U0000	0x08b7	
lessthanequal	U2264	0x08bc	
notequal	U2260	0x08bd	
greaterthanequal	U2265	0x08be	
integral	U222b	0x08bf	
therefore	U2234	0x08c0	
variation	U221d	0x08c1	
infinity	U221e	0x08c2	
nabla	U2207	0x08c5	
approximate	U223c	0x08c8	
similarequal	U2243	0x08c9	
ifonlyif	U21d4	0x08cd	
implies	U21d2	0x08ce	
identical	U2261	0x08cf	
radical	U221a	0x08d6	
includedin	U2282	0x08da	
includes	U2283	0x08db	
intersection	U2229	0x08dc	
union	U222a	0x08dd	
logicaland	U2227	0x08de	
logicalor	U2228	0x08df	
partialderivative	U2202	0x08ef	
function	U0192	0x08f6	
leftarrow	U2190	0x08fb	
uparrow	U2191	0x08fc	
rightarrow	U2192	0x08fd	
downarrow	U2193	0x08fe	
blank	U0000	0x09df	
soliddiamond	U25c6	0x09e0	
checkerboard	U2592	0x09e1	
ht	U2409	0x09e2	
ff	U240c	0x09e3	
cr	U240d	0x09e4	
lf	U240a	0x09e5	
nl	U2424	0x09e8	
vt	U240b	0x09e9	
lowrightcorner	U2518	0x09ea	
uprightcorner	U2510	0x09eb	
upleftcorner	U250c	0x09ec	
lowleftcorner	U2514	0x09ed	
crossinglines	U253c	0x09ee	
horizlinescan1	U23ba	0x09ef	
horizlinescan3	U23bb	0x09f0	
horizlinescan5	U2500	0x09f1	
horizlinescan7	U23bc	0x09f2	
horizlinescan9	U23bd	0x09f3	
leftt	U251c	0x09f4	
rightt	U2524	0x09f5	
bott	U2534	0x09f6	
topt	U252c	0x09f7	
vertbar	U2502	0x09f8	
emspace	U2003	0x0aa1	
enspace	U2002	0x0aa2	
em3space	U2004	0x0aa3	
em4space	U2005	0x0aa4	
digitspace	U2007	0x0aa5	
punctspace	U2008	0x0aa6	
thinspace	U2009	0x0aa7	
hairspace	U200a	0x0aa8	
emdash	U2014	0x0aa9	
endash	U2013	0x0aaa	
signifblank	U2423	0x0aac	
ellipsis	U2026	0x0aae	
doubbaselinedot	U2025	0x0aaf	
onethird	U2153	0x0ab0	
twothirds	U2154	0x0ab1	
onefifth	U2155	0x0ab2	
twofifths	U2156	0x0ab3	
threefifths	U2157	0x0ab4	
fourfifths	U2158	0x0ab5	
onesixth	U2159	0x0ab6	
fivesixths	U215a	0x0ab7	
careof	U2105	0x0ab8	
figdash	U2012	0x0abb	
leftanglebracket	U27e8	0x0abc	
decimalpoint	U002e	0x0abd	
rightanglebracket	U27e9	0x0abe	
marker	U0000	0x0abf	
oneeighth	U215b	0x0ac3	
threeeighths	U215c	0x0ac4	
fiveeighths	U215d	0x0ac5	
seveneighths	U215e	0x0ac6	
trademark	U2122	0x0ac9	
signaturemark	U2613	0x0aca	
trademarkincircle	U0000	0x0acb	
leftopentriangle	U25c1	0x0acc	
rightopentriangle	U25b7	0x0acd	
emopencircle	U25cb	0x0ace	
emopenrectangle	U25af	0x0acf	
leftsinglequotemark	U2018	0x0ad0	
rightsinglequotemark	U2019	0x0ad1	
leftdoublequotemark	U201c	0x0ad2	
rightdoublequotemark	U201d	0x0ad3	
prescription	U211e	0x0ad4	
minutes	U2032	0x0ad6	
seconds	U2033	0x0ad7	
latincross	U271d	0x0ad9	
hexagram	U0000	0x0ada	
filledrectbullet	U25ac	0x0adb	
filledlefttribullet	U25c0	0x0adc	
filledrighttribullet	U25b6	0x0add	
emfilledcircle	U25cf	0x0ade	
emfilledrect	U25ae	0x0adf	
enopencircbullet	U25e6	0x0ae0	
enopensquarebullet	U25ab	0x0ae1	
openrectbullet	U25ad	0x0ae2	
opentribulletup	U25b3	0x0ae3	
opentribulletdown	U25bd	0x0ae4	
openstar	U2606	0x0ae5	
enfilledcircbullet	U2022	0x0ae6	
enfilledsqbullet	U25aa	0x0ae7	
filledtribulletup	U25b2	0x0ae8	
filledtribulletdown	U25bc	0x0ae9	
leftpointer	U261c	0x0aea	
rightpointer	U261e	0x0aeb	
club	U2663	0x0aec	
diamond	U2666	0x0aed	
heart	U2665	0x0aee	
maltesecross	U2720	0x0af0	
dagger	U2020	0x0af1	
doubledagger	U2021	0x0af2	
checkmark	U2713	0x0af3	
ballotcross	U2717	0x0af4	
musicalsharp	U266f	0x0af5	
musicalflat	U266d	0x0af6	
malesymbol	U2642	0x0af7	
femalesymbol	U2640	0x0af8	
telephone	U260e	0x0af9	
telephonerecorder	U2315	0x0afa	
phonographcopyright	U2117	0x0afb	
caret	U2038	0x0afc	
singlelowquotemark	U201a	0x0afd	
doublelowquotemark	U201e	0x0afe	
cursor	U0000	0x0aff	
leftcaret	U003c	0x0ba3	
rightcaret	U003e	0x0ba6	
downcaret	U2228	0x0ba8	
upcaret	U2227	0x0ba9	
overbar	U00af	0x0bc0	
downtack	U22a5	0x0bc2	
upshoe	U2229	0x0bc3	
downstile	U230a	0x0bc4	
underbar	U005f	0x0bc6	
jot	U2218	0x0bca	
quad	U2395	0x0bcc	
uptack	U22a4	0x0bce	
circle	U25cb	0x0bcf	
upstile	U2308	0x0bd3	
downshoe	U222a	0x0bd6	
rightshoe	U2283	0x0bd8	
leftshoe	U2282	0x0bda	
lefttack	U22a2	0x0bdc	
righttack	U22a3	0x0bfc	
hebrew_doublelowline	U2017	0x0cdf	
hebrew_aleph	U05d0	0x0ce0	
hebrew_bet	U05d1	0x0ce1	
hebrew_beth	U05d1	0x0ce1	/* deprecated */
hebrew_gimel	U05d2	0x0ce2	
hebrew_gimmel	U05d2	0x0ce2	/* deprecated */
hebrew_dalet	U05d3	0x0ce3	
hebrew_daleth	U05d3	0x0ce3	/* deprecated */
hebrew_he	U05d4	0x0ce4	
hebrew_waw	U05d5	0x0ce5	
hebrew_zain	U05d6	0x0ce6	
hebrew_zayin	U05d6	0x0ce6	/* deprecated */
hebrew_chet	U05d7	0x0ce7	
hebrew_het	U05d7	0x0ce7	/* deprecated */
hebrew_tet	U05d8	0x0ce8	
hebrew_teth	U05d8	0x0ce8	/* deprecated */
hebrew_yod	U05d9	0x0ce9	
hebrew_finalkaph	U05da	0x0cea	
hebrew_kaph	U05db	0x0ceb	
hebrew_lamed	U05dc	0x0cec	
hebrew_finalmem	U05dd	0x0ced	
hebrew_mem	U05de	0x0cee	
hebrew_finalnun	U05df	0x0cef	
hebrew_nun	U05e0	0x0cf0	
hebrew_samech	U05e1	0x0cf1	
hebrew_samekh	U05e1	0x0cf1	/* deprecated */
hebrew_ayin	U05e2	0x0cf2	
hebrew_finalpe	U05e3	0x0cf3	
hebrew_pe	U05e4	0x0cf4	
hebrew_finalzade	U05e5	0x0cf5	
hebrew_finalzadi	U05e5	0x0cf5	/* deprecated */
hebrew_zade	U05e6	0x0cf6	
hebrew_zadi	U05e6	0x0cf6	/* deprecated */
hebrew_kuf	U05e7	0x0cf7	/* deprecated */
hebrew_qoph	U05e7	0x0cf7	
hebrew_resh	U05e8	0x0cf8	
hebrew_shin	U05e9	0x0cf9	
hebrew_taf	U05ea	0x0cfa	/* deprecated */
hebrew_taw	U05ea	0x0cfa	
Thai_kokai	U0e01	0x0da1	
Thai_khokhai	U0e02	0x0da2	
Thai_khokhuat	U0e03	0x0da3	
Thai_khokhwai	U0e04	0x0da4	
Thai_khokhon	U0e05	0x0da5	
Thai_khorakhang	U0e06	0x0da6	
Thai_ngongu	U0e07	0x0da7	
Thai_chochan	U0e08	0x0da8	
Thai_choching	U0e09	0x0da9	 
Thai_chochang	U0e0a	0x0daa	
Thai_soso	U0e0b	0x0dab	
Thai_chochoe	U0e0c	0x0dac	
Thai_yoying	U0e0d	0x0dad	
Thai_dochada	U0e0e	0x0dae	
Thai_topatak	U0e0f	0x0daf	
Thai_thothan	U0e10	0x0db0	
Thai_thonangmontho	U0e11	0x0db1	
Thai_thophuthao	U0e12	0x0db2	
Thai_nonen	U0e13	0x0db3	
Thai_dodek	U0e14	0x0db4	
Thai_totao	U0e15	0x0db5	
Thai_thothung	U0e16	0x0db6	
Thai_thothahan	U0e17	0x0db7	
Thai_thothong	U0e18	0x0db8	
Thai_nonu	U0e19	0x0db9	
Thai_bobaimai	U0e1a	0x0dba	
Thai_popla	U0e1b	0x0dbb	
Thai_phophung	U0e1c	0x0dbc	
Thai_fofa	U0e1d	0x0dbd	
Thai_phophan	U0e1e	0x0dbe	
Thai_fofan	U0e1f	0x0dbf	
Thai_phosamphao	U0e20	0x0dc0	
Thai_moma	U0e21	0x0dc1	
Thai_yoyak	U0e22	0x0dc2	
Thai_rorua	U0e23	0x0dc3	
Thai_ru	U0e24	0x0dc4	
Thai_loling	U0e25	0x0dc5	
Thai_lu	U0e26	0x0dc6	
Thai_wowaen	U0e27	0x0dc7	
Thai_sosala	U0e28	0x0dc8	
Thai_sorusi	U0e29	0x0dc9	
Thai_sosua	U0e2a	0x0dca	
Thai_hohip	U0e2b	0x0dcb	
Thai_lochula	U0e2c	0x0dcc	
Thai_oang	U0e2d	0x0dcd	
Thai_honokhuk	U0e2e	0x0dce	
Thai_paiyannoi	U0e2f	0x0dcf	
Thai_saraa	U0e30	0x0dd0	
Thai_maihanakat	U0e31	0x0dd1	
Thai_saraaa	U0e32	0x0dd2	
Thai_saraam	U0e33	0x0dd3	
Thai_sarai	U0e34	0x0dd4	 
Thai_saraii	U0e35	0x0dd5	 
Thai_saraue	U0e36	0x0dd6	
Thai_sarauee	U0e37	0x0dd7	
Thai_sarau	U0e38	0x0dd8	
Thai_sarauu	U0e39	0x0dd9	 
Thai_phinthu	U0e3a	0x0dda	
Thai_maihanakat_maitho	U0000	0x0dde	
Thai_baht	U0e3f	0x0ddf	
Thai_sarae	U0e40	0x0de0	
Thai_saraae	U0e41	0x0de1	
Thai_sarao	U0e42	0x0de2	
Thai_saraaimaimuan	U0e43	0x0de3	 
Thai_saraaimaimalai	U0e44	0x0de4	
Thai_lakkhangyao	U0e45	0x0de5	
Thai_maiyamok	U0e46	0x0de6	
Thai_maitaikhu	U0e47	0x0de7	
Thai_maiek	U0e48	0x0de8	 
Thai_maitho	U0e49	0x0de9	
Thai_maitri	U0e4a	0x0dea	
Thai_maichattawa	U0e4b	0x0deb	
Thai_thanthakhat	U0e4c	0x0dec	
Thai_nikhahit	U0e4d	0x0ded	
Thai_leksun 	U0e50	0x0df0	
Thai_leknung	U0e51	0x0df1	
Thai_leksong 	U0e52	0x0df2	
Thai_leksam	U0e53	0x0df3	
Thai_leksi	U0e54	0x0df4	
Thai_lekha	U0e55	0x0df5	
Thai_lekhok	U0e56	0x0df6	
Thai_lekchet	U0e57	0x0df7	
Thai_lekpaet	U0e58	0x0df8	
Thai_lekkao 	U0e59	0x0df9	
Hangul_Kiyeog	U3131	0x0ea1	
Hangul_SsangKiyeog	U3132	0x0ea2	
Hangul_KiyeogSios	U3133	0x0ea3	
Hangul_Nieun	U3134	0x0ea4	
Hangul_NieunJieuj	U3135	0x0ea5	
Hangul_NieunHieuh	U3136	0x0ea6	
Hangul_Dikeud	U3137	0x0ea7	
Hangul_SsangDikeud	U3138	0x0ea8	
Hangul_Rieul	U3139	0x0ea9	
Hangul_RieulKiyeog	U313a	0x0eaa	
Hangul_RieulMieum	U313b	0x0eab	
Hangul_RieulPieub	U313c	0x0eac	
Hangul_RieulSios	U313d	0x0ead	
Hangul_RieulTieut	U313e	0x0eae	
Hangul_RieulPhieuf	U313f	0x0eaf	
Hangul_RieulHieuh	U3140	0x0eb0	
Hangul_Mieum	U3141	0x0eb1	
Hangul_Pieub	U3142	0x0eb2	
Hangul_SsangPieub	U3143	0x0eb3	
Hangul_PieubSios	U3144	0x0eb4	
Hangul_Sios	U3145	0x0eb5	
Hangul_SsangSios	U3146	0x0eb6	
Hangul_Ieung	U3147	0x0eb7	
Hangul_Jieuj	U3148	0x0eb8	
Hangul_SsangJieuj	U3149	0x0eb9	
Hangul_Cieuc	U314a	0x0eba	
Hangul_Khieuq	U314b	0x0ebb	
Hangul_Tieut	U314c	0x0ebc	
Hangul_Phieuf	U314d	0x0ebd	
Hangul_Hieuh	U314e	0x0ebe	
Hangul_A	U314f	0x0ebf	
Hangul_AE	U3150	0x0ec0	
Hangul_YA	U3151	0x0ec1	
Hangul_YAE	U3152	0x0ec2	
Hangul_EO	U3153	0x0ec3	
Hangul_E	U3154	0x0ec4	
Hangul_YEO	U3155	0x0ec5	
Hangul_YE	U3156	0x0ec6	
Hangul_O	U3157	0x0ec7	
Hangul_WA	U3158	0x0ec8	
Hangul_WAE	U3159	0x0ec9	
Hangul_OE	U315a	0x0eca	
Hangul_YO	U315b	0x0ecb	
Hangul_U	U315c	0x0ecc	
Hangul_WEO	U315d	0x0ecd	
Hangul_WE	U315e	0x0ece	
Hangul_WI	U315f	0x0ecf	
Hangul_YU	U3160	0x0ed0	
Hangul_EU	U3161	0x0ed1	
Hangul_YI	U3162	0x0ed2	
Hangul_I	U3163	0x0ed3	
Hangul_J_Kiyeog	U11a8	0x0ed4	
Hangul_J_SsangKiyeog	U11a9	0x0ed5	
Hangul_J_KiyeogSios	U11aa	0x0ed6	
Hangul_J_Nieun	U11ab	0x0ed7	
Hangul_J_NieunJieuj	U11ac	0x0ed8	
Hangul_J_NieunHieuh	U11ad	0x0ed9	
Hangul_J_Dikeud	U11ae	0x0eda	
Hangul_J_Rieul	U11af	0x0edb	
Hangul_J_RieulKiyeog	U11b0	0x0edc	
Hangul_J_RieulMieum	U11b1	0x0edd	
Hangul_J_RieulPieub	U11b2	0x0ede	
Hangul_J_RieulSios	U11b3	0x0edf	
Hangul_J_RieulTieut	U11b4	0x0ee0	
Hangul_J_RieulPhieuf	U11b5	0x0ee1	
Hangul_J_RieulHieuh	U11b6	0x0ee2	
Hangul_J_Mieum	U11b7	0x0ee3	
Hangul_J_Pieub	U11b8	0x0ee4	
Hangul_J_PieubSios	U11b9	0x0ee5	
Hangul_J_Sios	U11ba	0x0ee6	
Hangul_J_SsangSios	U11bb	0x0ee7	
Hangul_J_Ieung	U11bc	0x0ee8	
Hangul_J_Jieuj	U11bd	0x0ee9	
Hangul_J_Cieuc	U11be	0x0eea	
Hangul_J_Khieuq	U11bf	0x0eeb	
Hangul_J_Tieut	U11c0	0x0eec	
Hangul_J_Phieuf	U11c1	0x0eed	
Hangul_J_Hieuh	U11c2	0x0eee	
Hangul_RieulYeorinHieuh	U316d	0x0eef	
Hangul_SunkyeongeumMieum	U3171	0x0ef0	
Hangul_SunkyeongeumPieub	U3178	0x0ef1	
Hangul_PanSios	U317f	0x0ef2	
Hangul_KkogjiDalrinIeung	U3181	0x0ef3	
Hangul_SunkyeongeumPhieuf	U3184	0x0ef4	
Hangul_YeorinHieuh	U3186	0x0ef5	
Hangul_AraeA	U318d	0x0ef6	
Hangul_AraeAE	U318e	0x0ef7	
Hangul_J_PanSios	U11eb	0x0ef8	
Hangul_J_KkogjiDalrinIeung	U11f0	0x0ef9	
Hangul_J_YeorinHieuh	U11f9	0x0efa	
Korean_Won	U20a9	0x0eff	
OE	U0152	0x13bc	
oe	U0153	0x13bd	
Ydiaeresis	U0178	0x13be	
EcuSign	U20a0	0x20a0	
ColonSign	U20a1	0x20a1	
CruzeiroSign	U20a2	0x20a2	
FFrancSign	U20a3	0x20a3	
LiraSign	U20a4	0x20a4	
MillSign	U20a5	0x20a5	
NairaSign	U20a6	0x20a6	
PesetaSign	U20a7	0x20a7	
RupeeSign	U20a8	0x20a8	
WonSign	U20a9	0x20a9	
NewSheqelSign	U20aa	0x20aa	
DongSign	U20ab	0x20ab	
EuroSign	U20ac	0x20ac	
3270_Duplicate	U0000	0xfd01	
3270_FieldMark	U0000	0xfd02	
3270_Right2	U0000	0xfd03	
3270_Left2	U0000	0xfd04	
3270_BackTab	U0000	0xfd05	
3270_EraseEOF	U0000	0xfd06	
3270_EraseInput	U0000	0xfd07	
3270_Reset	U0000	0xfd08	
3270_Quit	U0000	0xfd09	
3270_PA1	U0000	0xfd0a	
3270_PA2	U0000	0xfd0b	
3270_PA3	U0000	0xfd0c	
3270_Test	U0000	0xfd0d	
3270_Attn	U0000	0xfd0e	
3270_CursorBlink	U0000	0xfd0f	
3270_AltCursor	U0000	0xfd10	
3270_KeyClick	U0000	0xfd11	
3270_Jump	U0000	0xfd12	
3270_Ident	U0000	0xfd13	
3270_Rule	U0000	0xfd14	
3270_Copy	U0000	0xfd15	
3270_Play	U0000	0xfd16	
3270_Setup	U0000	0xfd17	
3270_Record	U0000	0xfd18	
3270_ChangeScreen	U0000	0xfd19	
3270_DeleteWord	U0000	0xfd1a	
3270_ExSelect	U0000	0xfd1b	
3270_CursorSelect	U0000	0xfd1c	
3270_PrintScreen	U0000	0xfd1d	
3270_Enter	U0000	0xfd1e	
ISO_Lock	U0000	0xfe01	
ISO_Level2_Latch	U0000	0xfe02	
ISO_Level3_Shift	U0000	0xfe03	
ISO_Level3_Latch	U0000	0xfe04	
ISO_Level3_Lock	U0000	0xfe05	
ISO_Group_Latch	U0000	0xfe06	
ISO_Group_Lock	U0000	0xfe07	
ISO_Next_Group	U0000	0xfe08	
ISO_Next_Group_Lock	U0000	0xfe09	
ISO_Prev_Group	U0000	0xfe0a	
ISO_Prev_Group_Lock	U0000	0xfe0b	
ISO_First_Group	U0000	0xfe0c	
ISO_First_Group_Lock	U0000	0xfe0d	
ISO_Last_Group	U0000	0xfe0e	
ISO_Last_Group_Lock	U0000	0xfe0f	
ISO_Left_Tab	U0000	0xfe20	
ISO_Move_Line_Up	U0000	0xfe21	
ISO_Move_Line_Down	U0000	0xfe22	
ISO_Partial_Line_Up	U0000	0xfe23	
ISO_Partial_Line_Down	U0000	0xfe24	
ISO_Partial_Space_Left	U0000	0xfe25	
ISO_Partial_Space_Right	U0000	0xfe26	
ISO_Set_Margin_Left	U0000	0xfe27	
ISO_Set_Margin_Right	U0000	0xfe28	
ISO_Release_Margin_Left	U0000	0xfe29	
ISO_Release_Margin_Right	U0000	0xfe2a	
ISO_Release_Both_Margins	U0000	0xfe2b	
ISO_Fast_Cursor_Left	U0000	0xfe2c	
ISO_Fast_Cursor_Right	U0000	0xfe2d	
ISO_Fast_Cursor_Up	U0000	0xfe2e	
ISO_Fast_Cursor_Down	U0000	0xfe2f	
ISO_Continuous_Underline	U0000	0xfe30	
ISO_Discontinuous_Underline	U0000	0xfe31	
ISO_Emphasize	U0000	0xfe32	
ISO_Center_Object	U0000	0xfe33	
ISO_Enter	U0000	0xfe34	
dead_grave	U0300	0xfe50	
dead_acute	U0301	0xfe51	
dead_circumflex	U0302	0xfe52	
dead_tilde	U0303	0xfe53	
dead_macron	U0304	0xfe54	
dead_breve	U0306	0xfe55	
dead_abovedot	U0307	0xfe56	
dead_diaeresis	U0308	0xfe57	
dead_abovering	U030a	0xfe58	
dead_doubleacute	U030b	0xfe59	
dead_caron	U030c	0xfe5a	
dead_cedilla	U0327	0xfe5b	
dead_ogonek	U0328	0xfe5c	
dead_iota	U0345	0xfe5d	
dead_voiced_sound	U3099	0xfe5e	
dead_semivoiced_sound	U309a	0xfe5f	
AccessX_Enable	U0000	0xfe70	
AccessX_Feedback_Enable	U0000	0xfe71	
RepeatKeys_Enable	U0000	0xfe72	
SlowKeys_Enable	U0000	0xfe73	
BounceKeys_Enable	U0000	0xfe74	
StickyKeys_Enable	U0000	0xfe75	
MouseKeys_Enable	U0000	0xfe76	
MouseKeys_Accel_Enable	U0000	0xfe77	
Overlay1_Enable	U0000	0xfe78	
Overlay2_Enable	U0000	0xfe79	
AudibleBell_Enable	U0000	0xfe7a	
First_Virtual_Screen	U0000	0xfed0	
Prev_Virtual_Screen	U0000	0xfed1	
Next_Virtual_Screen	U0000	0xfed2	
Last_Virtual_Screen	U0000	0xfed4	
Terminate_Server	U0000	0xfed5	
Pointer_Left	U0000	0xfee0	
Pointer_Right	U0000	0xfee1	
Pointer_Up	U0000	0xfee2	
Pointer_Down	U0000	0xfee3	
Pointer_UpLeft	U0000	0xfee4	
Pointer_UpRight	U0000	0xfee5	
Pointer_DownLeft	U0000	0xfee6	
Pointer_DownRight	U0000	0xfee7	
Pointer_Button_Dflt	U0000	0xfee8	
Pointer_Button1	U0000	0xfee9	
Pointer_Button2	U0000	0xfeea	
Pointer_Button3	U0000	0xfeeb	
Pointer_Button4	U0000	0xfeec	
Pointer_Button5	U0000	0xfeed	
Pointer_DblClick_Dflt	U0000	0xfeee	
Pointer_DblClick1	U0000	0xfeef	
Pointer_DblClick2	U0000	0xfef0	
Pointer_DblClick3	U0000	0xfef1	
Pointer_DblClick4	U0000	0xfef2	
Pointer_DblClick5	U0000	0xfef3	
Pointer_Drag_Dflt	U0000	0xfef4	
Pointer_Drag1	U0000	0xfef5	
Pointer_Drag2	U0000	0xfef6	
Pointer_Drag3	U0000	0xfef7	
Pointer_Drag4	U0000	0xfef8	
Pointer_EnableKeys	U0000	0xfef9	
Pointer_Accelerate	U0000	0xfefa	
Pointer_DfltBtnNext	U0000	0xfefb	
Pointer_DfltBtnPrev	U0000	0xfefc	
Pointer_Drag5	U0000	0xfefd	
BackSpace	U0008	0xff08	
Tab	U0009	0xff09	
Linefeed	U000a	0xff0a	
Clear	U000b	0xff0b	
Return	U000d	0xff0d	
Pause	U0013	0xff13	
Scroll_Lock	U0014	0xff14	
Sys_Req	U0015	0xff15	
Escape	U001b	0xff1b	
Multi_key	U0000	0xff20	
Kanji	U0000	0xff21	
Muhenkan	U0000	0xff22	
Henkan_Mode	U0000	0xff23	
Romaji	U0000	0xff24	
Hiragana	U0000	0xff25	
Katakana	U0000	0xff26	
Hiragana_Katakana	U0000	0xff27	
Zenkaku	U0000	0xff28	
Hankaku	U0000	0xff29	
Zenkaku_Hankaku	U0000	0xff2a	
Touroku	U0000	0xff2b	
Massyo	U0000	0xff2c	
Kana_Lock	U0000	0xff2d	
Kana_Shift	U0000	0xff2e	
Eisu_Shift	U0000	0xff2f	
Eisu_toggle	U0000	0xff30	
Hangul	U0000	0xff31	
Hangul_Start	U0000	0xff32	
Hangul_End	U0000	0xff33	
Hangul_Hanja	U0000	0xff34	
Hangul_Jamo	U0000	0xff35	
Hangul_Romaja	U0000	0xff36	
Codeinput	U0000	0xff37	
Hangul_Jeonja	U0000	0xff38	
Hangul_Banja	U0000	0xff39	
Hangul_PreHanja	U0000	0xff3a	
Hangul_PostHanja	U0000	0xff3b	
SingleCandidate	U0000	0xff3c	
MultipleCandidate	U0000	0xff3d	
PreviousCandidate	U0000	0xff3e	
Hangul_Special	U0000	0xff3f	
Home	U0000	0xff50	
Left	U0000	0xff51	
Up	U0000	0xff52	
Right	U0000	0xff53	
Down	U0000	0xff54	
Prior	U0000	0xff55	
Next	U0000	0xff56	
End	U0000	0xff57	
Begin	U0000	0xff58	
Select	U0000	0xff60	
Print	U0000	0xff61	
Execute	U0000	0xff62	
Insert	U0000	0xff63	
Undo	U0000	0xff65	
Redo	U0000	0xff66	
Menu	U0000	0xff67	
Find	U0000	0xff68	
Cancel	U0000	0xff69	
Help	U0000	0xff6a	
Break	U0000	0xff6b	
Mode_switch	U0000	0xff7e	
Num_Lock	U0000	0xff7f	
KP_Space	U0020	0xff80	
KP_Tab	U0009	0xff89	
KP_Enter	U000d	0xff8d	
KP_F1	U0000	0xff91	
KP_F2	U0000	0xff92	
KP_F3	U0000	0xff93	
KP_F4	U0000	0xff94	
KP_Home	U0000	0xff95	
KP_Left	U0000	0xff96	
KP_Up	U0000	0xff97	
KP_Right	U0000	0xff98	
KP_Down	U0000	0xff99	
KP_Prior	U0000	0xff9a	
KP_Next	U0000	0xff9b	
KP_End	U0000	0xff9c	
KP_Begin	U0000	0xff9d	
KP_Insert	U0000	0xff9e	
KP_Delete	U0000	0xff9f	
KP_Multiply	U002a	0xffaa	
KP_Add	U002b	0xffab	
KP_Separator	U002c	0xffac	
KP_Subtract	U002d	0xffad	
KP_Decimal	U002e	0xffae	
KP_Divide	U002f	0xffaf	
KP_0	U0030	0xffb0	
KP_1	U0031	0xffb1	
KP_2	U0032	0xffb2	
KP_3	U0033	0xffb3	
KP_4	U0034	0xffb4	
KP_5	U0035	0xffb5	
KP_6	U0036	0xffb6	
KP_7	U0037	0xffb7	
KP_8	U0038	0xffb8	
KP_9	U0039	0xffb9	
KP_Equal	U003d	0xffbd	/* equals */
F1	U0000	0xffbe	
F2	U0000	0xffbf	
F3	U0000	0xffc0	
F4	U0000	0xffc1	
F5	U0000	0xffc2	
F6	U0000	0xffc3	
F7	U0000	0xffc4	
F8	U0000	0xffc5	
F9	U0000	0xffc6	
F10	U0000	0xffc7	
F11	U0000	0xffc8	
F12	U0000	0xffc9	
F13	U0000	0xffca	
F14	U0000	0xffcb	
F15	U0000	0xffcc	
F16	U0000	0xffcd	
F17	U0000	0xffce	
F18	U0000	0xffcf	
F19	U0000	0xffd0	
F20	U0000	0xffd1	
F21	U0000	0xffd2	
F22	U0000	0xffd3	
F23	U0000	0xffd4	
F24	U0000	0xffd5	
F25	U0000	0xffd6	
F26	U0000	0xffd7	
F27	U0000	0xffd8	
F28	U0000	0xffd9	
F29	U0000	0xffda	
F30	U0000	0xffdb	
F31	U0000	0xffdc	
F32	U0000	0xffdd	
F33	U0000	0xffde	
F34	U0000	0xffdf	
F35	U0000	0xffe0	
Shift_L	U0000	0xffe1	
Shift_R	U0000	0xffe2	
Control_L	U0000	0xffe3	
Control_R	U0000	0xffe4	
Caps_Lock	U0000	0xffe5	
Shift_Lock	U0000	0xffe6	
Meta_L	U0000	0xffe7	
Meta_R	U0000	0xffe8	
Alt_L	U0000	0xffe9	
Alt_R	U0000	0xffea	
Super_L	U0000	0xffeb	
Super_R	U0000	0xffec	
Hyper_L	U0000	0xffed	
Hyper_R	U0000	0xffee	
Delete	U0000	0xffff	
VoidSymbol	U0000	0xffffff	
Ukrainian_ghe_with_upturn	U0491	0x06ad	
Ukrainian_GHE_WITH_UPTURN	U0490	0x06bd	
Armenian_eternity	U0000	0x14a1	
Armenian_ligature_ew	U0587	0x14a2	
Armenian_verjaket	U0589	0x14a3	
Armenian_parenright	U0029	0x14a4	
Armenian_parenleft	U0028	0x14a5	
Armenian_guillemotright	U00bb	0x14a6	
Armenian_guillemotleft	U00ab	0x14a7	
Armenian_em_dash	U2014	0x14a8	
Armenian_mijaket	U002e	0x14a9	
Armenian_but	U055d	0x14aa	
Armenian_comma	U002c	0x14ab	
Armenian_en_dash	U2013	0x14ac	
Armenian_yentamna	U058a	0x14ad	
Armenian_ellipsis	U2026	0x14ae	
Armenian_amanak	U055c	0x14af	
Armenian_shesht	U055b	0x14b0	
Armenian_paruyk	U055e	0x14b1	
Armenian_AYB	U0531	0x14b2	
Armenian_ayb	U0561	0x14b3	
Armenian_BEN	U0532	0x14b4	
Armenian_ben	U0562	0x14b5	
Armenian_GIM	U0533	0x14b6	
Armenian_gim	U0563	0x14b7	
Armenian_DA	U0534	0x14b8	
Armenian_da	U0564	0x14b9	
Armenian_YECH	U0535	0x14ba	
Armenian_yech	U0565	0x14bb	
Armenian_ZA	U0536	0x14bc	
Armenian_za	U0566	0x14bd	
Armenian_E	U0537	0x14be	
Armenian_e	U0567	0x14bf	
Armenian_AT	U0538	0x14c0	
Armenian_at	U0568	0x14c1	
Armenian_TO	U0539	0x14c2	
Armenian_to	U0569	0x14c3	
Armenian_ZHE	U053a	0x14c4	
Armenian_zhe	U056a	0x14c5	
Armenian_INI	U053b	0x14c6	
Armenian_ini	U056b	0x14c7	
Armenian_LYUN	U053c	0x14c8	
Armenian_lyun	U056c	0x14c9	
Armenian_KHE	U053d	0x14ca	
Armenian_khe	U056d	0x14cb	
Armenian_TSA	U053e	0x14cc	
Armenian_tsa	U056e	0x14cd	
Armenian_KEN	U053f	0x14ce	
Armenian_ken	U056f	0x14cf	
Armenian_HO	U0540	0x14d0	
Armenian_ho	U0570	0x14d1	
Armenian_DZA	U0541	0x14d2	
Armenian_dza	U0571	0x14d3	
Armenian_GHAT	U0542	0x14d4	
Armenian_ghat	U0572	0x14d5	
Armenian_TCHE	U0543	0x14d6	
Armenian_tche	U0573	0x14d7	
Armenian_MEN	U0544	0x14d8	
Armenian_men	U0574	0x14d9	
Armenian_HI	U0545	0x14da	
Armenian_hi	U0575	0x14db	
Armenian_NU	U0546	0x14dc	
Armenian_nu	U0576	0x14dd	
Armenian_SHA	U0547	0x14de	
Armenian_sha	U0577	0x14df	
Armenian_VO	U0548	0x14e0	
Armenian_vo	U0578	0x14e1	
Armenian_CHA	U0549	0x14e2	
Armenian_cha	U0579	0x14e3	
Armenian_PE	U054a	0x14e4	
Armenian_pe	U057a	0x14e5	
Armenian_JE	U054b	0x14e6	
Armenian_je	U057b	0x14e7	
Armenian_RA	U054c	0x14e8	
Armenian_ra	U057c	0x14e9	
Armenian_SE	U054d	0x14ea	
Armenian_se	U057d	0x14eb	
Armenian_VEV	U054e	0x14ec	
Armenian_vev	U057e	0x14ed	
Armenian_TYUN	U054f	0x14ee	
Armenian_tyun	U057f	0x14ef	
Armenian_RE	U0550	0x14f0	
Armenian_re	U0580	0x14f1	
Armenian_TSO	U0551	0x14f2	
Armenian_tso	U0581	0x14f3	
Armenian_VYUN	U0552	0x14f4	
Armenian_vyun	U0582	0x14f5	
Armenian_PYUR	U0553	0x14f6	
Armenian_pyur	U0583	0x14f7	
Armenian_KE	U0554	0x14f8	
Armenian_ke	U0584	0x14f9	
Armenian_O	U0555	0x14fa	
Armenian_o	U0585	0x14fb	
Armenian_FE	U0556	0x14fc	
Armenian_fe	U0586	0x14fd	
Armenian_apostrophe	U055a	0x14fe	
Armenian_section_sign	U00a7	0x14ff	
Georgian_an	U10d0	0x15d0	
Georgian_ban	U10d1	0x15d1	
Georgian_gan	U10d2	0x15d2	
Georgian_don	U10d3	0x15d3	
Georgian_en	U10d4	0x15d4	
Georgian_vin	U10d5	0x15d5	
Georgian_zen	U10d6	0x15d6	
Georgian_tan	U10d7	0x15d7	
Georgian_in	U10d8	0x15d8	
Georgian_kan	U10d9	0x15d9	
Georgian_las	U10da	0x15da	
Georgian_man	U10db	0x15db	
Georgian_nar	U10dc	0x15dc	
Georgian_on	U10dd	0x15dd	
Georgian_par	U10de	0x15de	
Georgian_zhar	U10df	0x15df	
Georgian_rae	U10e0	0x15e0	
Georgian_san	U10e1	0x15e1	
Georgian_tar	U10e2	0x15e2	
Georgian_un	U10e3	0x15e3	
Georgian_phar	U10e4	0x15e4	
Georgian_khar	U10e5	0x15e5	
Georgian_ghan	U10e6	0x15e6	
Georgian_qar	U10e7	0x15e7	
Georgian_shin	U10e8	0x15e8	
Georgian_chin	U10e9	0x15e9	
Georgian_can	U10ea	0x15ea	
Georgian_jil	U10eb	0x15eb	
Georgian_cil	U10ec	0x15ec	
Georgian_char	U10ed	0x15ed	
Georgian_xan	U10ee	0x15ee	
Georgian_jhan	U10ef	0x15ef	
Georgian_hae	U10f0	0x15f0	
Georgian_he	U10f1	0x15f1	
Georgian_hie	U10f2	0x15f2	
Georgian_we	U10f3	0x15f3	
Georgian_har	U10f4	0x15f4	
Georgian_hoe	U10f5	0x15f5	
Georgian_fi	U10f6	0x15f6	
Babovedot	U1e02	0x12a1	
babovedot	U1e03	0x12a2	
Dabovedot	U1e0a	0x12a6	
Wgrave	U1e80	0x12a8	
Wacute	U1e82	0x12aa	
dabovedot	U1e0b	0x12ab	
Ygrave	U1ef2	0x12ac	
Fabovedot	U1e1e	0x12b0	
fabovedot	U1e1f	0x12b1	
Mabovedot	U1e40	0x12b4	
mabovedot	U1e41	0x12b5	
Pabovedot	U1e56	0x12b7	
wgrave	U1e81	0x12b8	
pabovedot	U1e57	0x12b9	
wacute	U1e83	0x12ba	
Sabovedot	U1e60	0x12bb	
ygrave	U1ef3	0x12bc	
Wdiaeresis	U1e84	0x12bd	
wdiaeresis	U1e85	0x12be	
sabovedot	U1e61	0x12bf	
Wcircumflex	U0174	0x12d0	
Tabovedot	U1e6a	0x12d7	
Ycircumflex	U0176	0x12de	
wcircumflex	U0175	0x12f0	
tabovedot	U1e6b	0x12f7	
ycircumflex	U0177	0x12fe	
Farsi_0	U06f0	0x0590	
Farsi_1	U06f1	0x0591	
Farsi_2	U06f2	0x0592	
Farsi_3	U06f3	0x0593	
Farsi_4	U06f4	0x0594	
Farsi_5	U06f5	0x0595	
Farsi_6	U06f6	0x0596	
Farsi_7	U06f7	0x0597	
Farsi_8	U06f8	0x0598	
Farsi_9	U06f9	0x0599	
Arabic_percent	U066a	0x05a5	
Arabic_superscript_alef	U0670	0x05a6	
Arabic_tteh	U0679	0x05a7	
Arabic_peh	U067e	0x05a8	
Arabic_tcheh	U0686	0x05a9	
Arabic_ddal	U0688	0x05aa	
Arabic_rreh	U0691	0x05ab	
Arabic_fullstop	U06d4	0x05ae	
Arabic_0	U0660	0x05b0	
Arabic_1	U0661	0x05b1	
Arabic_2	U0662	0x05b2	
Arabic_3	U0663	0x05b3	
Arabic_4	U0664	0x05b4	
Arabic_5	U0665	0x05b5	
Arabic_6	U0666	0x05b6	
Arabic_7	U0667	0x05b7	
Arabic_8	U0668	0x05b8	
Arabic_9	U0669	0x05b9	
Arabic_madda_above	U0653	0x05f3	
Arabic_hamza_above	U0654	0x05f4	
Arabic_hamza_below	U0655	0x05f5	
Arabic_jeh	U0698	0x05f6	
Arabic_veh	U06a4	0x05f7	
Arabic_keheh	U06a9	0x05f8	
Arabic_gaf	U06af	0x05f9	
Arabic_noon_ghunna	U06ba	0x05fa	
Arabic_heh_doachashmee	U06be	0x05fb	
Farsi_yeh	U06cc	0x05fc	
Arabic_yeh_baree	U06d2	0x05fd	
Arabic_heh_goal	U06c1	0x05fe	
Cyrillic_GHE_bar	U0492	0x0680	
Cyrillic_ZHE_descender	U0496	0x0681	
Cyrillic_KA_descender	U049a	0x0682	
Cyrillic_KA_vertstroke	U049c	0x0683	
Cyrillic_EN_descender	U04a2	0x0684	
Cyrillic_U_straight	U04ae	0x0685	
Cyrillic_U_straight_bar	U04b0	0x0686	
Cyrillic_HA_descender	U04b2	0x0687	
Cyrillic_CHE_descender	U04b6	0x0688	
Cyrillic_CHE_vertstroke	U04b8	0x0689	
Cyrillic_SHHA	U04ba	0x068a	
Cyrillic_SCHWA	U04d8	0x068c	
Cyrillic_I_macron	U04e2	0x068d	
Cyrillic_O_bar	U04e8	0x068e	
Cyrillic_U_macron	U04ee	0x068f	
Cyrillic_ghe_bar	U0493	0x0690	
Cyrillic_zhe_descender	U0497	0x0691	
Cyrillic_ka_descender	U049b	0x0692	
Cyrillic_ka_vertstroke	U049d	0x0693	
Cyrillic_en_descender	U04a3	0x0694	
Cyrillic_u_straight	U04af	0x0695	
Cyrillic_u_straight_bar	U04b1	0x0696	
Cyrillic_ha_descender	U04b3	0x0697	
Cyrillic_che_descender	U04b7	0x0698	
Cyrillic_che_vertstroke	U04b9	0x0699	
Cyrillic_shha	U04bb	0x069a	
Cyrillic_schwa	U04d9	0x069c	
Cyrillic_i_macron	U04e3	0x069d	
Cyrillic_o_bar	U04e9	0x069e	
Cyrillic_u_macron	U04ef	0x069f	
Ccedillaabovedot	U0000	0x16a2	
Xabovedot	U1e8a	0x16a3	
Qabovedot	U0000	0x16a5	
Ibreve	U012c	0x16a6	
IE	U0000	0x16a7	
UO	U0000	0x16a8	
Zstroke	U01b5	0x16a9	
Gcaron	U01e6	0x16aa	
Obarred	U019f	0x16af	
ccedillaabovedot	U0000	0x16b2	
xabovedot	U1e8b	0x16b3	
Ocaron	U0000	0x16b4	
qabovedot	U0000	0x16b5	
ibreve	U012d	0x16b6	
ie	U0000	0x16b7	
uo	U0000	0x16b8	
zstroke	U01b6	0x16b9	
gcaron	U01e7	0x16ba	
ocaron	U01d2	0x16bd	
obarred	U0275	0x16bf	
SCHWA	U018f	0x16c6	
schwa	U0259	0x16f6	
Lbelowdot	U1e36	0x16d1	
Lstrokebelowdot	U0000	0x16d2	
Gtilde	U0000	0x16d3	
lbelowdot	U1e37	0x16e1	
lstrokebelowdot	U0000	0x16e2	
gtilde	U0000	0x16e3	
Abelowdot	U1ea0	0x1ea0	
abelowdot	U1ea1	0x1ea1	
Ahook	U1ea2	0x1ea2	
ahook	U1ea3	0x1ea3	
Acircumflexacute	U1ea4	0x1ea4	
acircumflexacute	U1ea5	0x1ea5	
Acircumflexgrave	U1ea6	0x1ea6	
acircumflexgrave	U1ea7	0x1ea7	
Acircumflexhook	U1ea8	0x1ea8	
acircumflexhook	U1ea9	0x1ea9	
Acircumflextilde	U1eaa	0x1eaa	
acircumflextilde	U1eab	0x1eab	
Acircumflexbelowdot	U1eac	0x1eac	
acircumflexbelowdot	U1ead	0x1ead	
Abreveacute	U1eae	0x1eae	
abreveacute	U1eaf	0x1eaf	
Abrevegrave	U1eb0	0x1eb0	
abrevegrave	U1eb1	0x1eb1	
Abrevehook	U1eb2	0x1eb2	
abrevehook	U1eb3	0x1eb3	
Abrevetilde	U1eb4	0x1eb4	
abrevetilde	U1eb5	0x1eb5	
Abrevebelowdot	U1eb6	0x1eb6	
abrevebelowdot	U1eb7	0x1eb7	
Ebelowdot	U1eb8	0x1eb8	
ebelowdot	U1eb9	0x1eb9	
Ehook	U1eba	0x1eba	
ehook	U1ebb	0x1ebb	
Etilde	U1ebc	0x1ebc	
etilde	U1ebd	0x1ebd	
Ecircumflexacute	U1ebe	0x1ebe	
ecircumflexacute	U1ebf	0x1ebf	
Ecircumflexgrave	U1ec0	0x1ec0	
ecircumflexgrave	U1ec1	0x1ec1	
Ecircumflexhook	U1ec2	0x1ec2	
ecircumflexhook	U1ec3	0x1ec3	
Ecircumflextilde	U1ec4	0x1ec4	
ecircumflextilde	U1ec5	0x1ec5	
Ecircumflexbelowdot	U1ec6	0x1ec6	
ecircumflexbelowdot	U1ec7	0x1ec7	
Ihook	U1ec8	0x1ec8	
ihook	U1ec9	0x1ec9	
Ibelowdot	U1eca	0x1eca	
ibelowdot	U1ecb	0x1ecb	
Obelowdot	U1ecc	0x1ecc	
obelowdot	U1ecd	0x1ecd	
Ohook	U1ece	0x1ece	
ohook	U1ecf	0x1ecf	
Ocircumflexacute	U1ed0	0x1ed0	
ocircumflexacute	U1ed1	0x1ed1	
Ocircumflexgrave	U1ed2	0x1ed2	
ocircumflexgrave	U1ed3	0x1ed3	
Ocircumflexhook	U1ed4	0x1ed4	
ocircumflexhook	U1ed5	0x1ed5	
Ocircumflextilde	U1ed6	0x1ed6	
ocircumflextilde	U1ed7	0x1ed7	
Ocircumflexbelowdot	U1ed8	0x1ed8	
ocircumflexbelowdot	U1ed9	0x1ed9	
Ohornacute	U1eda	0x1eda	
ohornacute	U1edb	0x1edb	
Ohorngrave	U1edc	0x1edc	
ohorngrave	U1edd	0x1edd	
Ohornhook	U1ede	0x1ede	
ohornhook	U1edf	0x1edf	
Ohorntilde	U1ee0	0x1ee0	
ohorntilde	U1ee1	0x1ee1	
Ohornbelowdot	U1ee2	0x1ee2	
ohornbelowdot	U1ee3	0x1ee3	
Ubelowdot	U1ee4	0x1ee4	
ubelowdot	U1ee5	0x1ee5	
Uhook	U1ee6	0x1ee6	
uhook	U1ee7	0x1ee7	
Uhornacute	U1ee8	0x1ee8	
uhornacute	U1ee9	0x1ee9	
Uhorngrave	U1eea	0x1eea	
uhorngrave	U1eeb	0x1eeb	
Uhornhook	U1eec	0x1eec	
uhornhook	U1eed	0x1eed	
Uhorntilde	U1eee	0x1eee	
uhorntilde	U1eef	0x1eef	
Uhornbelowdot	U1ef0	0x1ef0	
uhornbelowdot	U1ef1	0x1ef1	
Ybelowdot	U1ef4	0x1ef4	
ybelowdot	U1ef5	0x1ef5	
Yhook	U1ef6	0x1ef6	
yhook	U1ef7	0x1ef7	
Ytilde	U1ef8	0x1ef8	
ytilde	U1ef9	0x1ef9	
Ohorn	U01a0	0x1efa	
ohorn	U01a1	0x1efb	
Uhorn	U01af	0x1efc	
uhorn	U01b0	0x1efd	
combining_tilde	U0303	0x1e9f	
combining_grave	U0300	0x1ef2	
combining_acute	U0301	0x1ef3	
combining_hook	U0309	0x1efe	
combining_belowdot	U0323	0x1eff	
dead_belowdot	U0323	0xfe60	
dead_hook	U0309	0xfe61	
dead_horn	U031b	0xfe62	
